id;name;lastname;email;grade
15331;Sandy;Schumm;emard.queen@example.org;25
16523;Ruthe;Thompson;alda.ruecker@example.com;49
86057;Darby;Altenwerth;eriberto.ortiz@example.org;7
87931;Donavon;Pagac;jmann@example.com;22
12287;Sofia;Wehner;hbarton@example.com;7
24655;Felicia;Stoltenberg;olakin@example.com;14
98598;Lexie;Brakus;xernser@example.org;50
78321;Laura;Spinka;dubuque.charlie@example.ne;85
55030;Eugenia;Cartwright;kertzmann.ned@example.com;23
43687;Taylor;Grady;goldner.ella@example.net;87
54517;Pattie;Spinka;mrosenbaum@example.net;32
38579;Mireille;Homenick;walker.ella@example.net;26
66554;Pauline;Tromp;hilll.mossie@example.net;13
96556;Kyler;Shields;roscoe.rowe@example.com;83
51588;Isobel;Bergnaum;christian90@example.net;84
8387;Elisha;Schaden;yreilly@example.com;52
31913;Drew;Heidenreich;caterina86@example.net;60
62960;Cyrus;Baumbach;jgraham@example.org;28
60985;Marvin;Powlowski;dlynch@example.org;99
26969;Uriah;Russel;schinner.arvid@example.net;53
40477;Sandra;Kshlerin;braun.alana@example.com;43
81577;Dennis;Fritsch;cartwright.howell@example.;92
60491;Neil;McLaughlin;claudine72@example.org;78
88835;Oceane;Wintheiser;keshawn.schroeder@example.;7
41697;Amie;Medhurst;fausto.purdy@example.net;29
51180;Brooklyn;Stehr;friedrich03@example.com;59
51340;Donnie;Hamill;eliza42@example.net;70
60863;Myrtle;Connelly;tmitchell@example.org;92
60425;Ramon;Haley;nora67@example.org;33
40895;Isac;Stiedemann;axel68@example.org;23
67178;Rosella;Beer;bernhard34@example.com;77
73403;Kiera;Mitchell;hans63@example.com;57
40367;Cheyenne;Krajcik;zdietrich@example.net;23
47973;Benedict;Feil;runolfsdottir.marquis@exam;74
58037;Jayce;Monahan;metz.gwen@example.org;81
41554;Briana;Lemke;audrey.purdy@example.org;15
10115;Wanda;Stanton;gpredovic@example.org;37
77022;Edward;Bahringer;furman01@example.org;50
92772;Patsy;Yundt;jaleel60@example.net;45
79406;Queen;Walker;mboyle@example.com;51
16115;Savion;Huel;tlegros@example.net;19
28993;Derrick;Reinger;rbernhard@example.org;70
90305;Omari;Johnson;rath.autumn@example.net;72
44961;Roberta;Crona;rocio88@example.net;28
53035;Helmer;Lubowitz;morissette.ansley@example.;15
91560;Tommie;Beahan;felipa.koss@example.net;41
30240;Nestor;Jaskolski;mina.aufderhar@example.net;56
97620;Tate;Schultz;cleora26@example.com;99
22246;Danyka;Doyle;katrine.muller@example.org;63
49192;Darrel;Considine;janie35@example.org;10
23947;Precious;Hettinger;graciela.upton@example.net;52
22053;Mathew;McKenzie;pkovacek@example.net;54
33697;Jason;Conn;devonte.mayert@example.org;77
35686;Allison;Pouros;elvera98@example.org;89
67016;Samson;Schultz;aryanna.hahn@example.com;36
4469;Drew;Corkery;wisoky.lucinda@example.com;91
17289;Leslie;McLaughlin;dmoen@example.org;73
47450;Otis;Wuckert;bogisich.hazle@example.org;87
64057;Cornelius;Von;jaquelin31@example.net;97
35372;Bertrand;Runolfsson;maeve.braun@example.com;18
97593;Ashlynn;Sawayn;raymond14@example.com;0
5681;Hailey;Howell;wsanford@example.net;2
35098;Lamar;Bergnaum;bud03@example.org;10
64634;Reginald;Beier;freida.farrell@example.net;67
23104;Travis;Bergnaum;ondricka.hipolito@example.;29
67521;Tyler;Cronin;ternser@example.com;5
91890;Vada;Christiansen;lowe.destiney@example.net;60
25101;Murphy;Feeney;clay.rogahn@example.org;66
8675;Allan;Senger;jevon10@example.org;36
57967;Omer;Gorczany;bbeier@example.com;81
5496;Lessie;Bailey;ycartwright@example.net;19
8561;Jeramy;Kirlin;shanon66@example.org;10
47679;Margarett;Collier;erik.pouros@example.com;96
88376;Mose;Spinka;qdonnelly@example.org;48
68524;Russ;Williamson;leta78@example.com;41
96432;Oswaldo;Abshire;orion.rohan@example.org;94
55528;Alexandria;Feil;daniel.talon@example.org;33
61079;Cleta;Feest;damion44@example.com;69
23874;Leslie;Romaguera;kris.ayana@example.org;1
24388;Columbus;Christiansen;conn.willa@example.org;57
54004;Ebony;Hintz;jast.grayce@example.org;84
24630;Tate;Purdy;everardo86@example.com;38
16157;Cleve;Abshire;anderson.alaina@example.or;14
32167;Heather;Shanahan;russ75@example.org;69
67701;Rolando;Deckow;britney.jakubowski@example;86
54387;Hazel;Larkin;cassandre69@example.org;15
25567;Frederique;Ward;crona.judson@example.org;17
84766;Enrico;Koss;sklein@example.org;35
20906;Kirstin;Ward;geovany18@example.net;33
13984;Mellie;Kertzmann;arnaldo12@example.com;87
32802;Selina;Keeling;nvon@example.org;7
48794;Hailie;Douglas;pkilback@example.com;76
55180;Monty;Mertz;howe.colt@example.org;80
67367;Alayna;Stroman;kankunding@example.com;31
93911;Jaida;Reynolds;o'keefe.francesco@example.;56
86652;Kelly;O'Conner;mcglynn.jairo@example.com;40
86172;Constantin;Nienow;nitzsche.adele@example.net;34
93306;Randi;Wunsch;billie.little@example.net;74
96564;Lawrence;Casper;dimitri.johnston@example.c;66
30018;Glenda;Hayes;terry.lulu@example.net;71
4510;Lolita;Stiedemann;wkutch@example.com;70
13070;Ivy;Roberts;fhansen@example.net;17
60815;Carole;Schuster;bglover@example.com;0
73619;Blanca;Beer;burnice.reilly@example.net;36
9224;Willie;Kessler;emanuel.quigley@example.co;20
67320;Sid;Greenholt;mack.thiel@example.net;79
2452;Bernadine;Kuvalis;carter77@example.net;21
66060;Vida;Beatty;ltremblay@example.org;4
70580;Daren;Bayer;champlin.alysha@example.co;5
92160;Loma;Block;genoveva79@example.com;73
40741;Evert;Howe;ukautzer@example.net;8
93300;Flavio;Stroman;cwillms@example.com;69
53572;Brooks;Russel;lbergstrom@example.net;32
61133;Charley;Keeling;kiel.torp@example.net;81
92558;Laury;Hermann;ilene.mayert@example.org;36
49083;Norberto;Gislason;zjaskolski@example.net;70
64519;Winona;Turcotte;qwalter@example.org;50
54421;Alex;Hane;ggutkowski@example.org;37
62944;Susan;Herman;robel.yasmine@example.com;19
91630;Johnathon;Boyle;dbode@example.net;71
83884;Hester;Schuster;rsenger@example.org;77
3838;Brendan;Erdman;donna25@example.com;48
897;Keely;Kunde;demetrius.stroman@example.;49
39145;Hallie;Hoppe;slittel@example.net;15
14492;Gabe;Leffler;raul51@example.org;29
19071;Oswaldo;Cormier;colt26@example.com;58
19818;Reyna;Steuber;casandra.hessel@example.ne;23
96294;Hillard;Parisian;xzavier87@example.com;18
88130;Nicola;Koepp;beryl18@example.com;21
91643;Ron;Senger;qhowe@example.com;22
12115;Antonina;Gibson;ryder.stoltenberg@example.;81
32957;Jensen;Grimes;breitenberg.aylin@example.;36
38173;Ashly;Doyle;treutel.mossie@example.com;83
22915;Ted;Veum;ephraim18@example.net;24
19811;Herminia;Kessler;vreichert@example.org;61
76139;Brent;Schiller;hilpert.kelly@example.net;83
4076;Wilhelmine;Kling;fay.sage@example.com;78
51881;Geo;Runte;hertha78@example.com;24
82225;Hassie;Bechtelar;mertz.peggie@example.net;69
21329;Annamae;Rath;rosemary.harris@example.ne;11
81283;Allison;Kuphal;gheller@example.net;96
91442;Roger;Doyle;ahagenes@example.org;11
13162;Vada;Rogahn;metz.myrl@example.net;37
90434;Loraine;Gibson;mann.porter@example.com;8
90960;Grace;Hamill;milton.morissette@example.;34
99182;Nyah;Reichel;shad19@example.org;69
33421;Archibald;Miller;collins.martin@example.com;1
73166;Rick;Rutherford;sschneider@example.com;86
19937;Matilda;Dickens;orie18@example.net;94
72183;Thomas;Barton;kris.kamryn@example.net;62
95918;Joanne;Bins;jacobi.kali@example.org;32
60042;Lia;Wolff;leanne.schinner@example.or;0
74622;Assunta;Abernathy;kiana.doyle@example.net;54
28673;Armani;Dibbert;mmurazik@example.com;66
75585;Rasheed;Klein;carlee.ruecker@example.org;0
86567;Jaquelin;Larson;barton.prudence@example.or;6
67963;Lina;Rempel;nicolas.meda@example.org;56
86754;Maybelle;Keeling;yessenia06@example.org;14
73463;Connor;Upton;lschoen@example.org;96
21178;Zachariah;Bode;zleuschke@example.net;74
33441;Geo;Gusikowski;newell93@example.com;17
60974;Terence;Renner;virgie79@example.com;57
35170;Rey;Murphy;waelchi.zelma@example.net;4
64380;Petra;Kautzer;cierra32@example.com;20
97955;Jessie;Schumm;zackary.olson@example.org;92
84661;Vincent;Cole;tpowlowski@example.com;39
50535;Fletcher;Pouros;baltenwerth@example.com;34
70820;Amara;Stehr;mohr.blaze@example.com;11
70217;Oda;King;willy.bruen@example.com;0
79129;Mylene;Gorczany;wanderson@example.org;8
59301;Otho;Kutch;hoppe.demarcus@example.com;91
10173;Hannah;Padberg;slind@example.net;22
1275;Ally;Willms;evangeline82@example.org;87
67553;Anika;Stokes;xlind@example.org;45
32500;Humberto;O'Reilly;smurazik@example.org;78
51603;Pearl;Schmitt;tbrekke@example.net;67
59588;Toy;Mertz;littel.celestino@example.c;79
44456;Brain;Cremin;joesph78@example.com;25
10256;Rowena;Heller;jayne.goldner@example.org;97
62979;Granville;Nikolaus;gregoria66@example.net;90
35015;Hayley;Lebsack;sbarrows@example.net;37
61782;Josue;Kshlerin;vmoen@example.com;35
27691;Jasmin;Bruen;nolan76@example.com;43
45116;Vena;Metz;jacquelyn31@example.org;61
12248;Abdul;Kovacek;plowe@example.org;54
65863;Felton;Murray;haskell.feil@example.net;63
92025;Lulu;Jerde;shanahan.laurine@example.o;0
69601;Emanuel;Feeney;skiles.effie@example.org;85
86815;Carolanne;Rohan;dare.scot@example.org;94
20203;Joana;Medhurst;jamarcus.rutherford@exampl;35
52984;Titus;Mante;marks.xavier@example.net;96
19330;Landen;Senger;houston07@example.org;85
8532;Eunice;Batz;ullrich.seth@example.com;2
19352;Elise;Ward;laney.ullrich@example.org;5
55703;Paris;Smith;ismael.balistreri@example.;44
54299;Trace;Gusikowski;white.holly@example.net;48
63071;Gabriel;Hintz;rklocko@example.com;22
15573;Willa;Stark;sim.o'hara@example.org;20
67379;Kiara;Wiza;darwin31@example.net;73
39651;Gregorio;Mitchell;lesly.lemke@example.net;46
50754;Alysha;Botsford;natasha.schmitt@example.or;11
26737;Merritt;Kunde;christiana75@example.com;63
3450;Charlotte;Ferry;leannon.nona@example.net;64
35243;Sheldon;Batz;dicki.ilene@example.net;79
93437;Lawson;Erdman;gaylord.marietta@example.o;72
5770;Lucinda;Schulist;larry93@example.net;29
2720;Tabitha;Wiza;ephraim37@example.org;67
57286;Christopher;Bruen;jast.laurine@example.net;11
62799;Jayde;Kertzmann;emely.kunde@example.net;56
20893;Marquise;Smith;pierce.roob@example.com;52
33668;Clint;Grant;emard.river@example.com;35
67424;Matteo;Larson;dbeatty@example.com;41
5186;Gennaro;Wisoky;shania46@example.com;32
8790;Janessa;Bahringer;pasquale49@example.net;86
90996;Lesley;Huels;ryan.dasia@example.org;21
60140;Eleanore;Greenfelder;haley.lacey@example.org;41
67022;Destin;Walter;whudson@example.org;36
98047;Rosemary;Johnson;kschulist@example.org;99
21319;Christelle;Wyman;corkery.chaim@example.org;17
13474;Zora;Ankunding;gabrielle.paucek@example.c;64
67248;Ayana;Crooks;emelie.homenick@example.or;2
59622;Haven;Swaniawski;mcglynn.lelah@example.net;53
12860;Raina;Pagac;schuster.orion@example.com;12
86508;Briana;Murray;davion20@example.com;7
3278;Amely;Cronin;hortense16@example.net;64
77223;Akeem;Schuster;jimmie56@example.net;33
99642;Christy;Schuster;santa.bode@example.com;20
54861;Angelina;Becker;michaela.franecki@example.;3
24496;Gia;Hane;schroeder.jamil@example.ne;12
19160;Carol;Boyle;meta.durgan@example.com;3
74886;Griffin;Robel;nova83@example.net;48
31137;Lukas;Rice;cummerata.gage@example.com;24
54156;Cydney;Walsh;sblock@example.com;8
36905;Reynold;Abbott;stroman.geovanni@example.c;74
30759;Flavio;Muller;lottie.carroll@example.org;5
65037;Malinda;Murazik;caden20@example.com;56
52394;Daphney;Heaney;jovani.koepp@example.com;28
60813;Marlen;Heidenreich;hirthe.uriah@example.com;94
19617;Tate;Ledner;gconroy@example.net;80
68493;Else;McClure;andreanne85@example.net;89
61233;Evalyn;Brekke;schroeder.dale@example.org;73
86598;Guadalupe;Dickens;maci62@example.org;4
73253;Keenan;Kessler;daugherty.naomi@example.co;88
8945;Kale;Murazik;alverta.nitzsche@example.c;17
27402;Ursula;Denesik;ephraim.treutel@example.or;32
87687;Annabell;Connelly;ihodkiewicz@example.com;42
7702;Kacie;Hoppe;kilback.agnes@example.net;81
17224;Abdiel;Brakus;uriel61@example.org;59
53386;Dudley;Kemmer;hadley.prohaska@example.co;72
43955;Betsy;Weissnat;simone60@example.com;46
7083;Marcia;Aufderhar;jalyn85@example.org;91
45714;Jayme;Stark;vnader@example.org;24
64080;Pink;Borer;kayden.jaskolski@example.n;10
35822;Reynold;Schoen;nkirlin@example.org;27
53263;America;Yundt;kayley.dach@example.com;28
57229;Wilfrid;Ullrich;heaney.kamron@example.com;2
13563;Amani;Legros;kdibbert@example.net;96
76368;Brooke;Durgan;leo.wiegand@example.com;41
87451;Freddie;Larkin;trunolfsdottir@example.net;58
70114;Yazmin;Schroeder;ztowne@example.org;69
74898;Madie;Swift;mokuneva@example.com;28
96666;Imelda;Yost;manuela.kilback@example.ne;21
6901;Oceane;Bechtelar;obarton@example.com;42
13824;Kendall;Homenick;gianni.corwin@example.net;62
69016;Emanuel;Dach;opal89@example.org;72
30705;Vernon;Effertz;xgleichner@example.net;40
7497;Jeffery;Gleason;maudie41@example.net;96
64929;Enos;Dach;reichert.ava@example.org;85
34208;Lyla;Miller;talia62@example.com;99
82936;Nakia;Kovacek;rolfson.sarai@example.com;97
59798;Reilly;Powlowski;lcassin@example.net;42
62731;Esteban;Schaden;destiney.d'amore@example.n;66
6869;Gennaro;Farrell;purdy.hilario@example.org;5
63651;Phoebe;Dach;bahringer.rachael@example.;6
69123;Assunta;Ritchie;keeling.fritz@example.org;48
92021;Euna;Fisher;ud'amore@example.com;57
34467;Miles;Borer;schulist.hilario@example.n;30
81799;Marcellus;Hegmann;romaine.russel@example.com;0
17323;Dayna;Corwin;stehr.jeff@example.org;80
22753;Dennis;Nikolaus;jasmin90@example.com;72
97172;Ward;Murphy;brice82@example.net;79
46262;Camylle;Kuhic;ulices.walker@example.com;14
49686;Samson;Funk;wade07@example.net;90
61306;Heath;Harris;jerad.hudson@example.org;76
89850;Dudley;Hills;trinity56@example.com;98
46953;Taya;Durgan;tyrique.spinka@example.org;91
84135;Adrian;Senger;xjacobi@example.com;92
35762;Alfonzo;Stark;jaquelin71@example.com;3
15753;Dena;Corkery;volkman.melyssa@example.or;85
33229;Gia;Metz;kgutkowski@example.net;36
36762;Alice;Huels;emard.rickey@example.net;75
76933;Jannie;Feil;swaniawski.cruz@example.co;67
94733;Susana;Beier;tracey.kassulke@example.co;25
84876;Maverick;Armstrong;ygottlieb@example.net;53
11470;Quinton;Jacobs;carmella04@example.org;59
15441;Filomena;Muller;yrunte@example.net;74
30386;Diana;Reilly;laverna05@example.com;10
30158;Jeanette;Wolff;bernita90@example.org;7
96991;Thelma;Kautzer;mosciski.wilfredo@example.;63
83166;Turner;Considine;selena30@example.org;52
30541;Erin;Gaylord;velma.langworth@example.ne;53
39441;Robbie;Deckow;lottie.mclaughlin@example.;67
97276;Antonetta;Jacobson;johnston.cory@example.net;41
32760;Dudley;Block;frankie.cremin@example.org;54
61736;Jerrold;Weissnat;charlotte.lehner@example.c;91
56223;Winifred;Mayert;jonas51@example.com;49
70772;Marcelina;Windler;bschuppe@example.net;98
21208;Augustine;Bernier;jimmy.murphy@example.net;58
58071;Richmond;Langworth;maida.corwin@example.com;73
13798;Freeman;Hahn;dharris@example.org;14
39385;Garret;D'Amore;xtillman@example.org;26
45731;Jamil;Abshire;gaston25@example.com;19
86421;Keely;Ortiz;cristopher58@example.org;27
82151;Raphael;Cremin;ryan.bettye@example.org;89
46041;Juanita;O'Hara;wblick@example.org;87
50523;Jimmy;Funk;peter.gutkowski@example.co;47
7407;Annamarie;Purdy;samson49@example.org;16
97554;Lacey;Beatty;oortiz@example.net;89
49172;Anderson;Parisian;alan.spencer@example.org;30
63863;Vernon;Kling;ftorp@example.com;51
88583;Harrison;Zemlak;thurman47@example.org;26
16997;Tressie;Pfannerstill;eosinski@example.com;6
18619;Kody;Schinner;jacey.kuhlman@example.com;97
33912;Bartholome;Pfannerstill;maryam.labadie@example.net;25
40346;Audrey;Ward;harber.kamryn@example.com;59
93905;Wava;McKenzie;shania13@example.net;89
63224;Reilly;Dibbert;jimmy01@example.com;35
17345;Mona;Labadie;sawayn.jessica@example.org;19
37904;Landen;Cartwright;samantha.ferry@example.com;85
16223;Garret;Von;xkuphal@example.org;80
17601;Janae;Harber;lucio04@example.com;44
94590;Mabel;Mueller;casper.ericka@example.net;66
29493;Justice;Hegmann;smith.karli@example.org;33
88801;Verla;Nienow;aubree91@example.net;99
36452;Nathanael;Luettgen;hessel.edythe@example.net;51
94912;Isac;Kemmer;zbayer@example.net;10
96561;Gladys;Turner;davis.ross@example.org;96
23671;Justine;Dietrich;aufderhar.sarina@example.n;19
29663;Keeley;Trantow;dharber@example.net;44
23198;Andrew;Dach;jacinthe07@example.com;85
44324;Alessandro;Berge;simonis.dallin@example.org;20
50529;Kiera;O'Connell;trantow.anais@example.net;91
42444;Maiya;Franecki;bogan.selmer@example.org;11
48881;Sarah;Yost;laverna36@example.com;84
85417;Myrtis;Moore;fredrick69@example.org;99
1772;Ivy;Wisozk;miller.mariela@example.net;52
9351;Jody;Hane;connie.haley@example.org;65
45479;Flavie;Bergnaum;gorczany.cecelia@example.n;81
4461;Tanya;Purdy;cassie.cassin@example.net;37
83966;Pierre;Feil;paxton.ankunding@example.o;35
42720;Fannie;Kreiger;zhuel@example.org;42
9447;Angelo;Jaskolski;dooley.angelo@example.com;10
10712;Kelton;Blick;ilittle@example.com;46
60284;Aleen;Effertz;megane95@example.com;10
87617;Serenity;Moore;mellie.feest@example.org;67
48948;Daren;Herzog;asha.gerhold@example.com;59
53829;Sarai;Klocko;abshire.nat@example.net;34
42045;Roberta;Adams;qwuckert@example.com;29
67610;Bernie;Fadel;vladimir.renner@example.ne;7
42646;Otho;Halvorson;sven11@example.com;72
1559;Norma;Willms;drew.bogisich@example.org;61
13743;Crystal;Orn;raphaelle63@example.org;74
61457;Koby;Hayes;michel.gibson@example.org;32
84808;Katelynn;Stracke;patsy34@example.net;48
23971;Kasey;Torp;nia.fisher@example.com;56
15286;Robert;Wehner;aniya90@example.org;36
37144;Ernie;Kozey;schroeder.carli@example.ne;91
20363;Lafayette;Ernser;ebert.julia@example.com;21
20371;Lauren;Kuhlman;eroberts@example.com;65
75216;Brenna;McKenzie;noemi44@example.net;23
52991;Sydnee;Hahn;antone28@example.net;46
73373;Roy;Anderson;pebert@example.com;69
96943;Clement;Walker;johns.gregoria@example.com;39
51459;Rene;Rolfson;acummerata@example.net;73
89302;Kira;Halvorson;tyreek.yost@example.net;95
41353;Dashawn;Hirthe;lledner@example.com;25
14756;Ubaldo;Gorczany;mckenna.hauck@example.com;78
28635;Neha;Bailey;lucius65@example.com;99
49261;Isaac;Upton;norberto60@example.org;88
74113;Angela;Hettinger;dietrich.lourdes@example.n;1
6136;Amiya;Crooks;ellis01@example.com;29
42508;Owen;Lebsack;kaleb.ortiz@example.net;9
24133;Lillie;Kovacek;walsh.anibal@example.org;67
90441;Evelyn;Kautzer;wolf.jaylen@example.net;58
23928;Durward;Boyle;kilback.gwendolyn@example.;91
61822;Brock;Huels;halvorson.antonietta@examp;34
66928;Kiley;Schowalter;egerhold@example.net;7
5848;Isaiah;Ernser;carmen42@example.org;52
45776;Herminio;Rohan;welch.itzel@example.net;100
86636;Jude;Turcotte;vroberts@example.org;61
88739;Zakary;Fisher;sallie.tromp@example.net;27
15976;Jack;Ankunding;fannie93@example.com;27
22356;Alvena;Quitzon;ztowne@example.org;26
67574;Rosamond;Renner;cale61@example.org;60
74785;Ettie;Wehner;idell32@example.org;62
75709;Eliseo;Ebert;igrant@example.com;83
54305;Grant;Corkery;pagac.hector@example.net;82
9159;Dorothea;Predovic;augustus62@example.net;26
67409;Terrance;Sipes;reuben76@example.org;20
87093;Dina;Klocko;toy.lubowitz@example.net;32
27464;Luigi;Schinner;alphonso.o'kon@example.com;71
17747;Donald;O'Keefe;cleora.reynolds@example.or;11
42013;Ariel;Waters;maybelle76@example.com;65
45976;Estevan;Schaden;hagenes.kathlyn@example.ne;57
49052;Brittany;Rohan;clarissa.oberbrunner@examp;95
87820;Elise;Altenwerth;jharvey@example.com;22
61397;Tanya;Von;van.hane@example.net;65
38794;Eldred;Hodkiewicz;zackary14@example.com;77
4614;Antonia;Hansen;chegmann@example.org;31
25517;Lola;Kutch;breitenberg.miracle@exampl;30
42022;Linwood;Prohaska;hodkiewicz.lawson@example.;19
47753;Willy;Kihn;hermiston.otho@example.net;28
73411;Toni;Lynch;antwan.balistreri@example.;13
90677;Celine;Stehr;schmidt.rasheed@example.co;93
31984;Santiago;Emard;vickie.rutherford@example.;39
37425;Skylar;Gutkowski;ryan.moshe@example.net;50
11565;Theo;Orn;jackie.koelpin@example.net;11
96289;Gabriella;Kutch;jazmin62@example.net;8
39244;Cristobal;Torphy;beier.marta@example.net;4
60336;Kathryne;Dach;carmella41@example.net;79
75380;Roosevelt;Kohler;omohr@example.org;35
95489;Reilly;Emard;archibald62@example.net;44
3376;Chance;Carter;jalon13@example.org;86
95285;Verda;Grady;ratke.gudrun@example.org;98
88410;Lura;Rempel;purdy.axel@example.net;16
90766;Carole;Hyatt;qhansen@example.org;91
22707;Keyon;Fahey;quentin.hahn@example.org;82
34743;Patrick;Cummings;blanda.ryann@example.org;67
99720;Ahmad;Brekke;greenholt.joelle@example.c;51
23089;Roberta;Kautzer;reynolds.leonard@example.n;83
3221;Luz;Parker;casper64@example.org;38
59617;Lee;Mraz;trenton.nicolas@example.or;86
52722;Aryanna;Kilback;hudson.marietta@example.co;91
93735;Devonte;Mitchell;carolina58@example.org;41
26499;Werner;Parisian;stephon.batz@example.com;0
49535;Zelma;Dach;hackett.renee@example.com;52
91407;Emilia;Berge;catherine40@example.com;44
14907;Sanford;O'Hara;carmelo49@example.org;54
65434;Reta;Schuster;jerrell.erdman@example.org;67
9446;Ashlynn;Larson;jeremy.koss@example.org;60
69068;Aniyah;Quigley;lowell86@example.org;84
33885;Dudley;Pagac;dave05@example.com;73
17299;Deja;Okuneva;ujast@example.org;47
84445;Rafaela;Wilkinson;kkuvalis@example.com;26
70120;Nicholas;Huels;kirlin.clifton@example.org;96
34193;Zita;Steuber;cale.reilly@example.org;54
97756;Adelia;Hintz;hleannon@example.net;55
33238;Collin;Emmerich;roberts.jeanne@example.net;96
87188;Ayana;Quigley;qherzog@example.com;27
4244;John;Balistreri;echristiansen@example.org;93
44486;Andreane;Huel;kavon43@example.net;55
6197;Esmeralda;Schmitt;ymills@example.net;52
18615;Destini;Koelpin;kirlin.samara@example.org;16
31445;Bret;Berge;wmraz@example.com;75
63679;Roscoe;Dibbert;nratke@example.com;14
77113;Marcus;Mertz;jborer@example.org;74
86262;Ralph;Smith;denesik.alexanne@example.n;69
76498;Eusebio;Schmeler;schuster.roel@example.net;73
9306;Maximillian;Bradtke;marquise.ferry@example.net;36
12407;Favian;Olson;marvin.brain@example.net;29
15632;Myron;Will;abruen@example.com;1
20923;Laurianne;Grimes;pfannerstill.elenor@exampl;44
64786;Raheem;Funk;gladyce.anderson@example.c;20
35006;Tristian;Stark;aabbott@example.net;13
48126;Shanna;Koelpin;linwood.pagac@example.com;35
67994;Noemie;Wisozk;jacobson.lynn@example.org;18
95214;Olaf;Hauck;luisa.buckridge@example.or;16
32408;Bryce;Von;owilderman@example.com;2
63558;Florine;Hane;christine74@example.com;37
64137;Antonetta;Schultz;west.gabe@example.net;71
70013;Kaycee;Goldner;kari40@example.org;98
71030;Vivien;Morissette;destiney93@example.com;51
12877;Domenick;Dicki;fgraham@example.org;2
57836;Lois;Corkery;doris13@example.org;15
92148;Lorna;Terry;eortiz@example.com;28
34860;Juliana;Johns;cristal.mann@example.net;42
76678;Alex;Okuneva;funk.marcella@example.com;75
48008;Amparo;Orn;qspinka@example.net;30
8068;Sadye;Fisher;ondricka.arch@example.net;14
49269;Zack;Dare;coby.rutherford@example.co;75
63598;Dana;Bauch;lorna80@example.net;7
57324;Kale;Ziemann;eli.davis@example.org;37
73861;Jaiden;Kozey;wisozk.yesenia@example.com;87
52520;Skye;Pfeffer;yarmstrong@example.com;71
36372;Mozelle;Rutherford;jennie.haag@example.net;27
42710;Susana;Hahn;princess79@example.org;2
7260;Marley;Larson;marks.abel@example.net;62
41797;Kelvin;Kassulke;grant.santa@example.org;29
94892;Mercedes;Bernier;lucy.lebsack@example.com;78
67630;Alexandria;Abernathy;jarvis.boyer@example.net;49
5499;Eddie;Hayes;icremin@example.net;59
79871;Cruz;Parker;ukling@example.org;19
10866;Libby;Brekke;nash26@example.org;32
97803;Ryan;Koelpin;tony12@example.org;14
29197;Jaunita;Kulas;myriam00@example.net;52
73881;Rosalinda;Reilly;dkling@example.net;43
22421;Arielle;Wehner;vkulas@example.org;20
46774;Braeden;Quitzon;andy.halvorson@example.com;59
73306;Nash;Aufderhar;cstrosin@example.net;38
78928;Kenton;Crona;micheal34@example.net;33
33262;Jakayla;Kshlerin;mcglynn.alexandrine@exampl;32
16827;Amari;Kulas;runolfsson.lulu@example.or;27
15558;Joanny;Daugherty;funk.waylon@example.org;38
47123;Madyson;Senger;ghessel@example.org;97
46806;Aniya;Altenwerth;jason06@example.net;58
60906;Stan;Bogisich;brycen67@example.net;25
85755;Brayan;Shields;nader.alana@example.com;9
6505;Meda;Wiegand;pquitzon@example.org;18
34696;Andy;Murazik;cathryn23@example.org;60
13171;Mary;Luettgen;ahuels@example.org;29
17105;Kirsten;Koepp;ekoepp@example.net;51
40504;Shany;Hauck;stiedemann.abner@example.c;76
53522;Priscilla;Quitzon;ptowne@example.org;10
40586;Elisabeth;Orn;mbuckridge@example.com;99
50689;Erika;Kreiger;reggie.zulauf@example.net;72
58034;Marianne;Reilly;nelda28@example.net;76
71512;Geovany;White;gschamberger@example.org;7
3785;Graciela;Tremblay;wolf.kylie@example.org;73
25055;Wade;Lind;ezra.treutel@example.org;20
20065;Chelsey;Jones;grace12@example.org;69
5835;Tito;Steuber;lubowitz.gloria@example.co;95
8527;Cicero;Kohler;ggutmann@example.org;7
1422;Bernard;Lesch;volkman.lavinia@example.ne;6
11904;Alta;Nicolas;okuneva.ariel@example.net;45
16184;Emilio;O'Keefe;fgoodwin@example.com;84
21480;Reilly;Ferry;lubowitz.jarred@example.or;9
70973;Willis;Lueilwitz;ywalker@example.com;13
30531;Brielle;Goyette;keeling.naomie@example.net;26
16246;Garland;Mills;ola27@example.net;1
8090;Janis;Mills;ohane@example.com;75
24166;Lelia;Upton;ldickinson@example.org;99
35191;Magdalen;Sanford;waters.phoebe@example.com;9
92688;Scottie;Ankunding;vmayert@example.org;72
4064;Clare;Harber;wkeeling@example.org;11
9678;Madyson;Flatley;rbernhard@example.net;93
48271;William;Pouros;uparisian@example.org;79
57722;Ervin;Hudson;beulah18@example.net;50
9507;Winston;Berge;qabbott@example.com;78
20830;Lonnie;Quigley;rashawn01@example.org;78
70769;Talon;Anderson;ubosco@example.net;46
54601;Ethel;Homenick;jena56@example.net;45
33784;Katharina;Denesik;haag.irving@example.org;41
65186;Darian;Lesch;ygoldner@example.com;40
413;Alessandro;Schmeler;ahoppe@example.com;68
79424;Mavis;Hammes;heidenreich.citlalli@examp;54
65501;Scarlett;Lehner;gaston33@example.net;9
10490;Koby;Medhurst;alexandra.friesen@example.;1
12914;Zion;Pacocha;orlo.prohaska@example.net;55
40568;Giovanny;Hessel;maggie84@example.org;77
73678;Emiliano;Casper;altenwerth.jimmy@example.n;30
4734;Ara;Orn;brown.caterina@example.org;96
5754;Dedrick;Strosin;lilian.ledner@example.com;49
29358;Paul;Mayer;jarrod88@example.com;52
5960;Paolo;Rosenbaum;fkris@example.net;89
64489;Rosamond;Powlowski;bethany48@example.com;48
87941;Fritz;Stanton;alden.becker@example.net;46
20140;Evalyn;Ondricka;brennon.stokes@example.org;45
63940;Katelin;Roberts;lurline.halvorson@example.;36
59302;Eulalia;Dicki;shayne.kris@example.com;87
22249;Keagan;Jerde;jovanny57@example.org;2
8226;Arne;Leannon;lora39@example.com;0
59614;Lacy;Predovic;bins.madisyn@example.org;92
23898;Angelita;Hoeger;mrenner@example.net;29
87930;Agustina;Welch;krunolfsdottir@example.com;64
66978;Royce;Hoeger;carlee.larson@example.com;90
7792;Laury;Wisozk;arielle.roberts@example.or;53
47042;Foster;Satterfield;patrick.lockman@example.co;37
71543;Shaylee;Emard;helmer.ferry@example.org;59
6944;Talon;Paucek;emmett86@example.org;10
24992;Murphy;McKenzie;sydni48@example.com;82
31043;Cristian;Raynor;lynch.mary@example.net;98
590;Sally;Mosciski;elnora50@example.com;52
21228;Jaida;Gislason;macejkovic.lenora@example.;96
4392;Carmine;Huel;vandervort.trevor@example.;47
60735;Seamus;Upton;madison95@example.net;27
19142;Nichole;Predovic;vincenzo15@example.org;13
33434;Nat;Farrell;xander99@example.org;38
60616;Kendrick;Spinka;turner.jazlyn@example.com;41
88450;Flossie;Bashirian;xstark@example.net;66
3796;Elvie;O'Hara;vbashirian@example.com;48
19866;Jaquelin;Bartoletti;camryn.spencer@example.net;49
19175;Belle;Klocko;albertha52@example.org;75
54490;Erik;Balistreri;merritt03@example.org;87
18009;Araceli;Kemmer;fcollier@example.net;46
28507;Immanuel;Hamill;aimee.hansen@example.net;47
51413;Creola;Quigley;lesch.ricardo@example.org;88
22817;Calista;Frami;ykunze@example.org;52
37787;Barton;Hartmann;xbaumbach@example.com;21
5345;Cecilia;Lueilwitz;initzsche@example.net;23
66464;Wendell;Upton;uschumm@example.net;69
81932;Josephine;Kovacek;fwaters@example.org;55
21382;D'angelo;Zemlak;vince.weimann@example.org;22
85684;Karolann;Predovic;sbins@example.net;3
69655;Orville;Green;susan34@example.org;71
57610;Lucinda;Pouros;zwunsch@example.net;59
98166;Angelica;Herzog;jordyn.koelpin@example.com;21
90486;Don;Schuppe;max61@example.com;98
94780;Hardy;Nienow;douglas.fiona@example.net;34
44480;Millie;Stiedemann;rthiel@example.org;52
715;Hilton;Murray;mellie02@example.net;58
